id,email,userName,password,name,lastName1,lastName2,telephone,street,number,floor,door,postalCode,city,province
1,jesus@mail.com,jesus,jesus123,jesus,roa,gonzalez,999666333,falsa,123,2,1,08901,L´hospitalet de llobregat,Barcelona
2,pepito@mail.com,pepito,pepito123,pepito,fernandez,fernandez,552211447,chuches,32,3,2,08916,Badalona,Barcelona
3,fulanito@mail.com,fulanito,fulanito123,fulanito,gomaz,delgado,896574789,blanco,34,8,5,18009,Granada,Granada
4,juan@mail.com,juan,juan123,juan,garcia,jimenez,785589633,pizarra,56,11,3,28042,Madrid,Madrid
5,toni@mail.com,toni,toni123,toni,rodriguez,garcia,445889632,sant agustin,234,3,5,28920,Alcorcón,Madrid
6,ju@mail.com,ju,ju123,ju,marcos,gomez,778844552,barcelona,1,2,12,28905,Getafe,Madrid
7,noa@mail.com,noa,noa123,noa,sanz,roa,899665544,españa,45,4,3,02006,Albacete,Albacete
8,amparo@mail.com,amparo,amparo123,amparo,blanco,sanz,326598951,josep tarradellas,677,6,5,35014,Las palmas de gran canarias,Las palmas de gran canarias
9,menganito@mail.com,menganito,menganito123,menganito,sosa,ortega,548721546,madrid,34,5,4,36317,Vigo,Vigo
10,ana@mail.com,ana,ana123,ana,jimenez,perez,951753258,valencia,32,4,3,21007,Huelva,Huelva